user_id,username,country,signup_date
1,user_0001,India,2023-08-04
2,user_0002,Canada,2022-03-20
3,user_0003,Germany,2022-03-07
4,user_0004,India,2023-11-24
5,user_0005,UK,2023-01-12
6,user_0006,India,2023-01-06
7,user_0007,Brazil,2023-04-09
8,user_0008,Australia,2022-12-17
9,user_0009,Brazil,2023-05-17
10,user_0010,Australia,2022-02-02
11,user_0011,Mexico,2022-10-26
12,user_0012,Mexico,2022-10-06
13,user_0013,Mexico,2023-07-01
14,user_0014,Brazil,2023-05-16
15,user_0015,Australia,2023-03-20
16,user_0016,Australia,2022-12-30
17,user_0017,Japan,2023-10-25
18,user_0018,Mexico,2023-12-29
19,user_0019,UK,2022-07-30
20,user_0020,USA,2022-08-15
21,user_0021,Germany,2023-08-24
22,user_0022,India,2023-04-04
23,user_0023,UK,2022-12-06
24,user_0024,USA,2022-10-04
25,user_0025,Canada,2023-07-25
26,user_0026,Canada,2022-12-21
27,user_0027,USA,2022-07-25
28,user_0028,Japan,2022-06-10
29,user_0029,UK,2023-09-16
30,user_0030,Japan,2023-01-25
31,user_0031,Brazil,2022-08-05
32,user_0032,Australia,2023-03-11
33,user_0033,Australia,2022-01-11
34,user_0034,Germany,2022-04-02
35,user_0035,USA,2023-09-11
36,user_0036,UK,2022-07-02
37,user_0037,UK,2022-01-20
38,user_0038,India,2022-12-24
39,user_0039,India,2023-07-10
40,user_0040,UK,2023-02-23
41,user_0041,France,2022-12-29
42,user_0042,UK,2023-03-31
43,user_0043,Brazil,2023-04-26
44,user_0044,USA,2022-06-29
45,user_0045,France,2023-01-25
46,user_0046,France,2022-08-29
47,user_0047,Mexico,2022-03-19
48,user_0048,Germany,2022-09-17
49,user_0049,India,2023-10-18
50,user_0050,India,2022-10-29
51,user_0051,India,2022-06-20
52,user_0052,Australia,2022-09-12
53,user_0053,India,2022-07-05
54,user_0054,Canada,2022-07-06
55,user_0055,USA,2023-10-27
56,user_0056,India,2023-11-24
57,user_0057,UK,2023-03-14
58,user_0058,Australia,2023-03-10
59,user_0059,Japan,2022-09-28
60,user_0060,Mexico,2023-12-20
61,user_0061,Japan,2023-11-15
62,user_0062,UK,2023-03-14
63,user_0063,France,2022-08-08
64,user_0064,UK,2022-02-04
65,user_0065,France,2022-12-09
66,user_0066,UK,2023-03-14
67,user_0067,Canada,2022-04-09
68,user_0068,UK,2023-02-22
69,user_0069,Australia,2023-07-12
70,user_0070,India,2023-06-17
71,user_0071,Brazil,2023-03-09
72,user_0072,Japan,2022-09-27
73,user_0073,France,2023-08-28
74,user_0074,Germany,2023-12-25
75,user_0075,UK,2023-11-04
76,user_0076,UK,2022-04-08
77,user_0077,Australia,2023-06-15
78,user_0078,Germany,2023-05-07
79,user_0079,Germany,2022-12-02
80,user_0080,Mexico,2023-04-11
81,user_0081,Australia,2023-11-09
82,user_0082,India,2023-01-04
83,user_0083,Germany,2022-09-03
84,user_0084,Canada,2023-08-03
85,user_0085,UK,2022-05-20
86,user_0086,France,2023-06-16
87,user_0087,Mexico,2022-04-08
88,user_0088,India,2022-08-16
89,user_0089,Australia,2022-04-15
90,user_0090,Brazil,2022-01-30
91,user_0091,UK,2023-12-05
92,user_0092,Australia,2023-10-28
93,user_0093,Mexico,2022-09-15
94,user_0094,Brazil,2023-03-18
95,user_0095,Canada,2022-04-17
96,user_0096,USA,2023-03-01
97,user_0097,Japan,2023-01-18
98,user_0098,Germany,2023-12-24
99,user_0099,Japan,2023-07-17
100,user_0100,Canada,2023-10-28
101,user_0101,Brazil,2023-03-15
102,user_0102,Mexico,2022-11-09
103,user_0103,UK,2023-04-17
104,user_0104,Australia,2023-06-22
105,user_0105,Australia,2022-09-16
106,user_0106,Australia,2022-01-03
107,user_0107,India,2022-11-05
108,user_0108,India,2022-08-23
109,user_0109,Mexico,2023-03-12
110,user_0110,India,2022-12-19
111,user_0111,Japan,2023-05-18
112,user_0112,Canada,2023-11-25
113,user_0113,Canada,2023-03-25
114,user_0114,Brazil,2022-08-19
115,user_0115,Mexico,2023-12-06
116,user_0116,France,2023-09-12
117,user_0117,UK,2022-05-23
118,user_0118,Mexico,2023-08-17
119,user_0119,Canada,2022-04-16
120,user_0120,Mexico,2023-04-17
121,user_0121,Germany,2022-01-23
122,user_0122,Germany,2023-03-12
123,user_0123,USA,2023-01-17
124,user_0124,USA,2022-06-14
125,user_0125,Mexico,2022-04-28
126,user_0126,Japan,2022-03-10
127,user_0127,Japan,2022-02-27
128,user_0128,USA,2023-06-12
129,user_0129,France,2023-04-27
130,user_0130,USA,2022-04-30
131,user_0131,France,2023-11-02
132,user_0132,India,2022-09-09
133,user_0133,Canada,2023-08-18
134,user_0134,Germany,2022-01-16
135,user_0135,Brazil,2023-03-03
136,user_0136,Canada,2023-08-07
137,user_0137,UK,2022-12-21
138,user_0138,Brazil,2022-10-04
139,user_0139,USA,2023-07-30
140,user_0140,France,2022-12-15
141,user_0141,USA,2022-04-19
142,user_0142,USA,2022-05-16
143,user_0143,Japan,2022-06-03
144,user_0144,Mexico,2023-01-23
145,user_0145,Brazil,2023-10-26
146,user_0146,India,2023-03-26
147,user_0147,Canada,2022-10-06
148,user_0148,Mexico,2022-02-03
149,user_0149,Japan,2022-06-02
150,user_0150,UK,2023-09-15
151,user_0151,Australia,2022-09-24
152,user_0152,Canada,2022-11-23
153,user_0153,France,2022-04-26
154,user_0154,UK,2023-07-14
155,user_0155,USA,2023-11-22
156,user_0156,Japan,2022-05-18
157,user_0157,Brazil,2022-12-09
158,user_0158,India,2023-12-30
159,user_0159,Canada,2022-10-11
160,user_0160,Brazil,2022-09-26
161,user_0161,Brazil,2023-06-23
162,user_0162,India,2022-03-29
163,user_0163,France,2023-09-16
164,user_0164,UK,2022-05-09
165,user_0165,Australia,2022-04-19
166,user_0166,Australia,2023-05-27
167,user_0167,Mexico,2022-11-17
168,user_0168,Germany,2022-07-16
169,user_0169,UK,2023-04-19
170,user_0170,France,2022-05-10
171,user_0171,Brazil,2023-08-05
172,user_0172,Germany,2023-12-14
173,user_0173,Japan,2023-07-21
174,user_0174,France,2022-06-17
175,user_0175,Brazil,2023-07-29
176,user_0176,India,2023-09-22
177,user_0177,Canada,2023-07-17
178,user_0178,France,2022-08-03
179,user_0179,Brazil,2023-11-04
180,user_0180,Mexico,2023-05-20
181,user_0181,Australia,2022-03-31
182,user_0182,Canada,2023-01-16
183,user_0183,Mexico,2022-05-06
184,user_0184,Mexico,2023-02-06
185,user_0185,Mexico,2023-06-28
186,user_0186,Brazil,2022-12-10
187,user_0187,Brazil,2023-10-26
188,user_0188,Mexico,2023-01-01
189,user_0189,USA,2022-09-03
190,user_0190,Mexico,2022-07-20
191,user_0191,India,2023-08-10
192,user_0192,Brazil,2022-11-03
193,user_0193,Brazil,2022-11-05
194,user_0194,Mexico,2023-10-26
195,user_0195,Germany,2023-12-26
196,user_0196,Canada,2023-06-30
197,user_0197,Australia,2022-10-19
198,user_0198,India,2022-10-25
199,user_0199,Australia,2022-04-06
200,user_0200,Japan,2022-10-27
201,user_0201,Brazil,2022-10-04
202,user_0202,Brazil,2022-06-08
203,user_0203,India,2022-08-05
204,user_0204,India,2022-07-02
205,user_0205,Mexico,2023-03-05
206,user_0206,India,2023-07-05
207,user_0207,Canada,2022-08-25
208,user_0208,Japan,2023-06-22
209,user_0209,USA,2023-06-27
210,user_0210,Germany,2023-03-20
211,user_0211,Australia,2023-04-06
212,user_0212,Germany,2023-09-06
213,user_0213,Australia,2022-11-15
214,user_0214,Australia,2023-11-27
215,user_0215,UK,2023-11-29
216,user_0216,France,2022-05-28
217,user_0217,France,2022-02-08
218,user_0218,India,2023-06-10
219,user_0219,Japan,2022-02-11
220,user_0220,USA,2023-02-28
221,user_0221,USA,2022-11-21
222,user_0222,Brazil,2022-08-12
223,user_0223,France,2022-12-29
224,user_0224,Canada,2022-07-13
225,user_0225,Brazil,2022-08-09
226,user_0226,Mexico,2023-05-22
227,user_0227,Germany,2023-10-10
228,user_0228,Brazil,2022-05-06
229,user_0229,USA,2022-12-05
230,user_0230,Germany,2023-04-04
231,user_0231,India,2022-09-22
232,user_0232,Japan,2022-05-05
233,user_0233,Germany,2022-12-15
234,user_0234,USA,2022-02-12
235,user_0235,Japan,2023-01-17
236,user_0236,France,2023-10-23
237,user_0237,Germany,2023-08-10
238,user_0238,Brazil,2022-10-14
239,user_0239,Japan,2022-05-02
240,user_0240,France,2022-03-09
241,user_0241,Canada,2023-04-29
242,user_0242,India,2022-10-11
243,user_0243,USA,2023-08-08
244,user_0244,France,2023-02-05
245,user_0245,India,2023-05-06
246,user_0246,Germany,2022-02-20
247,user_0247,France,2023-11-23
248,user_0248,Japan,2022-12-03
249,user_0249,France,2023-12-10
250,user_0250,Australia,2023-10-07
251,user_0251,Canada,2023-11-13
252,user_0252,Brazil,2022-11-19
253,user_0253,Germany,2022-02-07
254,user_0254,Australia,2023-02-21
255,user_0255,USA,2022-11-17
256,user_0256,USA,2023-09-24
257,user_0257,Brazil,2022-10-11
258,user_0258,Brazil,2022-01-13
259,user_0259,USA,2023-08-18
260,user_0260,USA,2022-11-18
261,user_0261,Mexico,2023-01-06
262,user_0262,USA,2022-01-14
263,user_0263,UK,2022-07-07
264,user_0264,India,2022-01-11
265,user_0265,Japan,2022-12-17
266,user_0266,USA,2022-07-30
267,user_0267,Canada,2022-01-06
268,user_0268,Germany,2022-08-10
269,user_0269,India,2022-05-28
270,user_0270,USA,2022-11-25
271,user_0271,Brazil,2023-01-10
272,user_0272,UK,2023-10-01
273,user_0273,USA,2023-11-29
274,user_0274,Brazil,2022-10-04
275,user_0275,Canada,2023-04-13
276,user_0276,Brazil,2022-03-17
277,user_0277,Germany,2023-09-24
278,user_0278,Canada,2022-01-13
279,user_0279,Australia,2022-06-01
280,user_0280,France,2023-10-13
281,user_0281,Brazil,2022-11-07
282,user_0282,India,2022-08-18
283,user_0283,UK,2022-05-12
284,user_0284,Germany,2023-05-04
285,user_0285,UK,2022-05-26
286,user_0286,Brazil,2023-06-07
287,user_0287,India,2022-08-22
288,user_0288,Japan,2022-04-07
289,user_0289,Mexico,2022-02-22
290,user_0290,UK,2023-12-18
291,user_0291,Japan,2023-09-02
292,user_0292,France,2022-03-20
293,user_0293,UK,2022-11-27
294,user_0294,Japan,2022-11-20
295,user_0295,Japan,2022-01-15
296,user_0296,Canada,2023-04-28
297,user_0297,UK,2023-04-20
298,user_0298,USA,2022-12-17
299,user_0299,Australia,2022-01-29
300,user_0300,India,2023-11-04
301,user_0301,Brazil,2023-08-20
302,user_0302,Australia,2022-04-24
303,user_0303,Mexico,2023-09-30
304,user_0304,Japan,2023-05-13
305,user_0305,UK,2022-10-07
306,user_0306,Germany,2022-03-26
307,user_0307,Mexico,2023-12-13
308,user_0308,Australia,2023-12-03
309,user_0309,Mexico,2022-10-03
310,user_0310,USA,2022-11-03
311,user_0311,UK,2022-01-03
312,user_0312,France,2022-09-15
313,user_0313,Brazil,2023-11-08
314,user_0314,India,2022-10-26
315,user_0315,USA,2023-05-16
316,user_0316,UK,2022-01-18
317,user_0317,India,2023-06-24
318,user_0318,UK,2022-11-29
319,user_0319,Australia,2023-12-14
320,user_0320,Australia,2023-01-31
321,user_0321,Germany,2022-08-01
322,user_0322,Canada,2023-03-28
323,user_0323,Mexico,2022-08-23
324,user_0324,Japan,2022-06-16
325,user_0325,India,2023-02-08
326,user_0326,Brazil,2022-07-18
327,user_0327,Germany,2023-03-11
328,user_0328,USA,2022-01-04
329,user_0329,France,2022-10-17
330,user_0330,USA,2022-07-04
331,user_0331,Canada,2023-04-09
332,user_0332,India,2023-08-13
333,user_0333,Germany,2023-08-13
334,user_0334,USA,2022-12-07
335,user_0335,Brazil,2023-12-04
336,user_0336,Germany,2023-07-06
337,user_0337,India,2022-03-28
338,user_0338,India,2023-09-24
339,user_0339,Germany,2022-09-27
340,user_0340,India,2023-12-20
341,user_0341,USA,2022-06-23
342,user_0342,Germany,2022-09-07
343,user_0343,India,2023-10-25
344,user_0344,Mexico,2023-10-10
345,user_0345,USA,2023-04-03
346,user_0346,Mexico,2022-12-18
347,user_0347,Canada,2023-05-01
348,user_0348,Australia,2023-09-01
349,user_0349,India,2022-06-29
350,user_0350,France,2023-01-08
351,user_0351,France,2022-03-25
352,user_0352,France,2022-04-15
353,user_0353,France,2022-08-26
354,user_0354,Mexico,2022-04-20
355,user_0355,Mexico,2022-04-17
356,user_0356,India,2023-10-20
357,user_0357,Australia,2023-02-15
358,user_0358,Canada,2023-11-15
359,user_0359,Brazil,2022-08-11
360,user_0360,Japan,2022-06-16
361,user_0361,Germany,2023-04-12
362,user_0362,Brazil,2022-09-30
363,user_0363,Brazil,2022-01-02
364,user_0364,Germany,2023-01-05
365,user_0365,Mexico,2023-11-13
366,user_0366,Brazil,2022-07-22
367,user_0367,Germany,2023-01-15
368,user_0368,Brazil,2023-06-16
369,user_0369,India,2023-08-10
370,user_0370,UK,2022-05-17
371,user_0371,Australia,2022-05-16
372,user_0372,USA,2023-12-21
373,user_0373,Mexico,2023-01-12
374,user_0374,Canada,2022-09-06
375,user_0375,Japan,2023-03-26
376,user_0376,India,2023-01-15
377,user_0377,Australia,2022-12-05
378,user_0378,France,2023-06-08
379,user_0379,Germany,2023-11-23
380,user_0380,Germany,2023-05-22
381,user_0381,Canada,2022-04-07
382,user_0382,Mexico,2022-10-30
383,user_0383,India,2022-03-11
384,user_0384,Japan,2023-09-04
385,user_0385,USA,2023-03-05
386,user_0386,UK,2023-04-04
387,user_0387,India,2023-12-09
388,user_0388,Brazil,2023-08-01
389,user_0389,Mexico,2022-10-25
390,user_0390,Australia,2023-05-11
391,user_0391,Germany,2022-04-18
392,user_0392,France,2022-08-03
393,user_0393,Mexico,2022-06-18
394,user_0394,Brazil,2023-09-02
395,user_0395,France,2022-04-02
396,user_0396,Germany,2023-09-27
397,user_0397,Canada,2022-11-09
398,user_0398,UK,2022-09-24
399,user_0399,USA,2023-06-18
400,user_0400,USA,2023-04-21
401,user_0401,France,2023-04-22
402,user_0402,India,2023-02-16
403,user_0403,France,2022-01-05
404,user_0404,Mexico,2023-12-18
405,user_0405,Japan,2022-12-02
406,user_0406,Germany,2023-04-11
407,user_0407,Japan,2023-10-06
408,user_0408,France,2022-08-29
409,user_0409,Japan,2022-09-27
410,user_0410,Brazil,2022-02-24
411,user_0411,UK,2023-07-11
412,user_0412,Japan,2023-06-05
413,user_0413,Australia,2022-04-08
414,user_0414,France,2023-12-01
415,user_0415,Australia,2022-10-10
416,user_0416,Mexico,2023-03-07
417,user_0417,USA,2022-01-02
418,user_0418,Japan,2023-12-05
419,user_0419,Mexico,2022-11-02
420,user_0420,Australia,2023-01-30
421,user_0421,USA,2023-08-10
422,user_0422,Japan,2023-07-25
423,user_0423,India,2023-08-18
424,user_0424,Germany,2022-08-18
425,user_0425,India,2022-11-13
426,user_0426,Canada,2023-03-01
427,user_0427,USA,2023-05-21
428,user_0428,Canada,2023-02-15
429,user_0429,Mexico,2022-07-28
430,user_0430,India,2022-07-19
431,user_0431,Brazil,2023-09-26
432,user_0432,Germany,2022-05-08
433,user_0433,Australia,2023-07-23
434,user_0434,UK,2023-04-10
435,user_0435,France,2022-02-24
436,user_0436,Canada,2022-11-02
437,user_0437,Mexico,2022-09-25
438,user_0438,Germany,2022-08-18
439,user_0439,Canada,2022-01-28
440,user_0440,Australia,2022-09-17
441,user_0441,Canada,2022-01-29
442,user_0442,Brazil,2022-09-23
443,user_0443,France,2022-02-14
444,user_0444,UK,2022-06-13
445,user_0445,USA,2022-07-15
446,user_0446,Japan,2023-04-12
447,user_0447,Canada,2022-02-11
448,user_0448,Japan,2022-02-10
449,user_0449,Germany,2023-08-19
450,user_0450,Mexico,2023-09-08
451,user_0451,India,2022-07-24
452,user_0452,USA,2023-09-11
453,user_0453,France,2023-06-08
454,user_0454,Germany,2023-07-05
455,user_0455,India,2022-10-21
456,user_0456,Brazil,2023-07-10
457,user_0457,Brazil,2022-06-05
458,user_0458,Canada,2022-11-05
459,user_0459,Mexico,2022-08-24
460,user_0460,Australia,2023-01-01
461,user_0461,UK,2022-08-14
462,user_0462,Japan,2022-09-23
463,user_0463,Mexico,2022-10-10
464,user_0464,India,2022-02-27
465,user_0465,India,2022-02-02
466,user_0466,USA,2022-04-20
467,user_0467,France,2022-06-22
468,user_0468,Brazil,2023-02-04
469,user_0469,Mexico,2022-05-25
470,user_0470,India,2022-06-15
471,user_0471,Mexico,2023-11-16
472,user_0472,Germany,2023-10-12
473,user_0473,Brazil,2022-07-31
474,user_0474,Canada,2023-09-24
475,user_0475,France,2023-01-27
476,user_0476,Brazil,2022-06-27
477,user_0477,USA,2022-02-01
478,user_0478,Mexico,2023-07-06
479,user_0479,Canada,2022-02-27
480,user_0480,USA,2022-12-11
481,user_0481,UK,2023-09-07
482,user_0482,Brazil,2022-09-30
483,user_0483,Brazil,2022-04-17
484,user_0484,Germany,2023-04-24
485,user_0485,Brazil,2023-05-05
486,user_0486,Germany,2022-02-22
487,user_0487,Canada,2022-12-13
488,user_0488,Australia,2022-05-01
489,user_0489,USA,2023-09-17
490,user_0490,Canada,2023-11-06
491,user_0491,USA,2022-04-30
492,user_0492,Mexico,2022-08-18
493,user_0493,Japan,2022-09-03
494,user_0494,Australia,2023-05-13
495,user_0495,Canada,2022-08-11
496,user_0496,USA,2023-07-01
497,user_0497,Germany,2022-07-16
498,user_0498,USA,2022-09-13
499,user_0499,Brazil,2023-01-13
500,user_0500,Brazil,2022-07-30
501,user_0501,UK,2023-09-28
502,user_0502,Brazil,2022-06-22
503,user_0503,Japan,2023-03-26
504,user_0504,Canada,2022-08-22
505,user_0505,Japan,2022-04-09
506,user_0506,France,2023-04-18
507,user_0507,Mexico,2022-07-19
508,user_0508,Mexico,2022-02-26
509,user_0509,Germany,2022-03-19
510,user_0510,Australia,2022-04-12
511,user_0511,USA,2023-11-19
512,user_0512,Mexico,2023-04-08
513,user_0513,Germany,2023-07-19
514,user_0514,Canada,2023-04-20
515,user_0515,Mexico,2023-11-20
516,user_0516,France,2022-02-09
517,user_0517,Japan,2022-04-02
518,user_0518,Germany,2022-08-18
519,user_0519,Japan,2022-05-17
520,user_0520,Mexico,2022-11-25
521,user_0521,Germany,2023-12-14
522,user_0522,India,2022-06-08
523,user_0523,Mexico,2022-02-13
524,user_0524,Canada,2022-09-25
525,user_0525,Brazil,2023-03-15
526,user_0526,Mexico,2023-06-22
527,user_0527,Brazil,2022-12-03
528,user_0528,USA,2023-02-07
529,user_0529,UK,2022-06-20
530,user_0530,Mexico,2022-02-11
531,user_0531,USA,2023-07-15
532,user_0532,UK,2023-10-07
533,user_0533,India,2023-09-19
534,user_0534,Brazil,2023-06-20
535,user_0535,Brazil,2022-10-27
536,user_0536,Australia,2022-10-02
537,user_0537,Germany,2023-07-07
538,user_0538,Brazil,2023-06-16
539,user_0539,Japan,2022-01-04
540,user_0540,India,2022-09-17
541,user_0541,France,2023-12-04
542,user_0542,USA,2023-09-14
543,user_0543,Japan,2023-10-02
544,user_0544,Australia,2022-01-01
545,user_0545,Japan,2023-10-23
546,user_0546,Brazil,2023-02-04
547,user_0547,USA,2022-09-12
548,user_0548,India,2022-09-14
549,user_0549,India,2022-02-17
550,user_0550,India,2022-12-28
551,user_0551,Canada,2022-05-31
552,user_0552,India,2022-01-27
553,user_0553,France,2022-07-10
554,user_0554,Japan,2022-12-04
555,user_0555,Canada,2023-11-28
556,user_0556,Brazil,2022-11-02
557,user_0557,Australia,2022-02-15
558,user_0558,UK,2022-10-15
559,user_0559,Germany,2022-08-07
560,user_0560,Japan,2022-07-19
561,user_0561,USA,2022-01-19
562,user_0562,Japan,2022-09-24
563,user_0563,Canada,2022-06-15
564,user_0564,France,2023-02-26
565,user_0565,USA,2023-12-11
566,user_0566,Brazil,2023-11-11
567,user_0567,Brazil,2022-06-28
568,user_0568,UK,2022-10-05
569,user_0569,Canada,2023-06-06
570,user_0570,UK,2023-07-15
571,user_0571,Canada,2022-08-28
572,user_0572,Germany,2023-05-19
573,user_0573,Australia,2022-10-31
574,user_0574,Japan,2022-06-12
575,user_0575,UK,2023-03-09
576,user_0576,Japan,2023-10-31
577,user_0577,UK,2023-11-28
578,user_0578,Australia,2023-07-03
579,user_0579,USA,2023-11-16
580,user_0580,USA,2023-01-28
581,user_0581,Germany,2023-01-30
582,user_0582,Germany,2023-07-21
583,user_0583,Japan,2023-04-12
584,user_0584,Australia,2022-06-05
585,user_0585,Canada,2022-02-02
586,user_0586,USA,2023-06-15
587,user_0587,France,2022-01-08
588,user_0588,Brazil,2022-07-05
589,user_0589,Germany,2023-09-10
590,user_0590,Brazil,2023-03-31
591,user_0591,USA,2023-04-20
592,user_0592,Germany,2022-02-04
593,user_0593,Japan,2023-10-29
594,user_0594,Brazil,2022-08-02
595,user_0595,France,2022-09-22
596,user_0596,Mexico,2022-09-07
597,user_0597,India,2023-02-22
598,user_0598,USA,2023-09-21
599,user_0599,Mexico,2023-01-10
600,user_0600,UK,2023-08-28
601,user_0601,Japan,2022-12-14
602,user_0602,USA,2023-02-25
603,user_0603,Australia,2022-02-16
604,user_0604,USA,2023-08-10
605,user_0605,Australia,2022-07-21
606,user_0606,Mexico,2023-07-21
607,user_0607,UK,2022-09-04
608,user_0608,Canada,2022-12-05
609,user_0609,Mexico,2022-11-13
610,user_0610,Japan,2023-06-22
611,user_0611,USA,2023-12-19
612,user_0612,Mexico,2023-10-19
613,user_0613,UK,2022-05-04
614,user_0614,Japan,2023-05-02
615,user_0615,Germany,2022-04-29
616,user_0616,Australia,2023-01-12
617,user_0617,Germany,2023-07-25
618,user_0618,Japan,2022-04-22
619,user_0619,Mexico,2023-09-21
620,user_0620,Brazil,2022-11-26
621,user_0621,USA,2022-07-01
622,user_0622,Australia,2022-06-01
623,user_0623,India,2023-01-15
624,user_0624,India,2023-01-18
625,user_0625,Japan,2023-02-22
626,user_0626,USA,2023-02-14
627,user_0627,India,2023-03-20
628,user_0628,Japan,2023-08-17
629,user_0629,UK,2022-06-15
630,user_0630,France,2023-02-04
631,user_0631,Australia,2023-05-20
632,user_0632,Japan,2022-03-27
633,user_0633,Australia,2023-08-03
634,user_0634,Australia,2023-03-26
635,user_0635,Germany,2022-10-30
636,user_0636,UK,2023-03-02
637,user_0637,Germany,2022-05-25
638,user_0638,Canada,2023-04-09
639,user_0639,Japan,2022-03-10
640,user_0640,Canada,2023-02-26
641,user_0641,India,2023-03-04
642,user_0642,Germany,2023-05-27
643,user_0643,India,2023-03-10
644,user_0644,Mexico,2023-07-10
645,user_0645,Mexico,2022-03-24
646,user_0646,Germany,2022-04-10
647,user_0647,Germany,2022-12-13
648,user_0648,Japan,2022-02-01
649,user_0649,Germany,2022-02-22
650,user_0650,France,2023-06-23
651,user_0651,France,2022-12-12
652,user_0652,Germany,2023-02-09
653,user_0653,Australia,2023-11-16
654,user_0654,France,2022-11-22
655,user_0655,Canada,2022-09-22
656,user_0656,Australia,2023-06-16
657,user_0657,India,2022-06-02
658,user_0658,Brazil,2023-09-07
659,user_0659,Australia,2023-09-16
660,user_0660,Brazil,2022-01-26
661,user_0661,UK,2022-01-06
662,user_0662,Brazil,2023-01-02
663,user_0663,Mexico,2022-02-24
664,user_0664,UK,2022-02-03
665,user_0665,USA,2023-08-08
666,user_0666,France,2022-12-28
667,user_0667,Germany,2023-11-01
668,user_0668,Brazil,2023-04-24
669,user_0669,Canada,2022-01-15
670,user_0670,India,2023-09-27
671,user_0671,USA,2022-12-05
672,user_0672,France,2023-03-17
673,user_0673,USA,2022-03-16
674,user_0674,Mexico,2023-05-06
675,user_0675,Germany,2022-10-17
676,user_0676,Australia,2022-10-12
677,user_0677,Mexico,2023-08-09
678,user_0678,Australia,2023-05-31
679,user_0679,France,2022-01-02
680,user_0680,Japan,2023-02-27
681,user_0681,Brazil,2023-10-27
682,user_0682,UK,2023-11-14
683,user_0683,Mexico,2023-05-22
684,user_0684,UK,2022-03-15
685,user_0685,UK,2022-07-17
686,user_0686,Canada,2023-04-27
687,user_0687,Canada,2023-11-03
688,user_0688,Germany,2023-12-25
689,user_0689,France,2022-08-22
690,user_0690,Germany,2023-01-18
691,user_0691,Australia,2022-11-01
692,user_0692,Canada,2023-12-04
693,user_0693,Japan,2023-12-25
694,user_0694,Mexico,2023-05-15
695,user_0695,Australia,2023-10-27
696,user_0696,France,2023-08-04
697,user_0697,Mexico,2022-05-16
698,user_0698,UK,2022-09-19
699,user_0699,India,2022-08-29
700,user_0700,USA,2022-02-15
701,user_0701,India,2022-05-17
702,user_0702,USA,2023-09-21
703,user_0703,USA,2022-01-21
704,user_0704,UK,2023-11-15
705,user_0705,Brazil,2022-02-04
706,user_0706,Japan,2022-03-06
707,user_0707,USA,2023-05-10
708,user_0708,UK,2022-07-12
709,user_0709,Brazil,2022-10-13
710,user_0710,India,2023-07-06
711,user_0711,Japan,2023-01-12
712,user_0712,France,2022-10-09
713,user_0713,UK,2023-12-08
714,user_0714,France,2023-02-15
715,user_0715,Germany,2023-03-27
716,user_0716,India,2023-03-27
717,user_0717,UK,2022-02-18
718,user_0718,Japan,2022-08-05
719,user_0719,Brazil,2022-07-25
720,user_0720,Mexico,2023-03-12
721,user_0721,Australia,2022-07-11
722,user_0722,UK,2023-09-18
723,user_0723,India,2023-06-09
724,user_0724,Germany,2023-11-19
725,user_0725,Mexico,2023-02-20
726,user_0726,France,2022-08-17
727,user_0727,Australia,2022-02-03
728,user_0728,Brazil,2022-05-13
729,user_0729,Japan,2022-01-16
730,user_0730,Japan,2023-06-11
731,user_0731,India,2022-10-26
732,user_0732,France,2023-12-11
733,user_0733,Canada,2023-01-16
734,user_0734,Brazil,2022-08-21
735,user_0735,Japan,2023-08-05
736,user_0736,UK,2022-08-20
737,user_0737,Mexico,2023-05-04
738,user_0738,UK,2023-06-23
739,user_0739,Brazil,2022-10-16
740,user_0740,France,2022-02-11
741,user_0741,Canada,2023-03-09
742,user_0742,Canada,2022-08-21
743,user_0743,India,2022-06-26
744,user_0744,Mexico,2022-04-22
745,user_0745,Germany,2022-02-23
746,user_0746,France,2022-10-30
747,user_0747,USA,2023-04-03
748,user_0748,France,2023-03-27
749,user_0749,Germany,2022-04-15
750,user_0750,Brazil,2022-04-08
751,user_0751,Australia,2023-03-04
752,user_0752,India,2022-03-24
753,user_0753,India,2022-10-19
754,user_0754,Japan,2023-03-03
755,user_0755,USA,2023-10-15
756,user_0756,Japan,2022-07-28
757,user_0757,France,2023-11-14
758,user_0758,USA,2022-03-03
759,user_0759,USA,2022-01-10
760,user_0760,Canada,2022-05-16
761,user_0761,Mexico,2022-09-07
762,user_0762,France,2022-03-18
763,user_0763,India,2023-02-14
764,user_0764,Mexico,2023-01-13
765,user_0765,Mexico,2022-05-06
766,user_0766,Germany,2022-05-06
767,user_0767,Brazil,2023-09-27
768,user_0768,Canada,2023-03-29
769,user_0769,Japan,2023-04-13
770,user_0770,France,2023-06-02
771,user_0771,India,2023-03-01
772,user_0772,France,2023-03-06
773,user_0773,Canada,2023-11-14
774,user_0774,Mexico,2023-05-13
775,user_0775,Canada,2022-09-05
776,user_0776,Australia,2023-11-26
777,user_0777,France,2022-10-26
778,user_0778,Australia,2023-05-25
779,user_0779,Japan,2022-08-04
780,user_0780,Japan,2023-08-26
781,user_0781,Brazil,2022-11-08
782,user_0782,UK,2023-08-02
783,user_0783,Australia,2022-05-27
784,user_0784,Canada,2023-11-17
785,user_0785,Australia,2022-08-13
786,user_0786,France,2022-06-01
787,user_0787,France,2023-09-29
788,user_0788,Japan,2023-07-08
789,user_0789,India,2023-06-26
790,user_0790,Australia,2022-11-11
791,user_0791,USA,2023-08-31
792,user_0792,USA,2022-01-03
793,user_0793,Brazil,2022-02-15
794,user_0794,India,2023-11-21
795,user_0795,Mexico,2022-03-08
796,user_0796,Germany,2023-08-29
797,user_0797,UK,2023-06-09
798,user_0798,India,2023-09-30
799,user_0799,Germany,2023-11-24
800,user_0800,Japan,2023-02-18
801,user_0801,France,2023-01-11
802,user_0802,India,2022-01-14
803,user_0803,Germany,2022-02-23
804,user_0804,Mexico,2022-12-31
805,user_0805,Mexico,2022-12-13
806,user_0806,UK,2023-02-26
807,user_0807,France,2022-07-11
808,user_0808,Japan,2023-02-15
809,user_0809,UK,2023-02-26
810,user_0810,USA,2022-11-28
811,user_0811,France,2022-04-16
812,user_0812,Canada,2022-08-07
813,user_0813,UK,2023-05-21
814,user_0814,Australia,2023-07-24
815,user_0815,Australia,2023-04-23
816,user_0816,France,2023-03-25
817,user_0817,Australia,2022-11-01
818,user_0818,UK,2022-12-20
819,user_0819,Australia,2022-06-27
820,user_0820,Japan,2023-11-14
821,user_0821,Germany,2022-01-24
822,user_0822,Mexico,2023-07-30
823,user_0823,UK,2023-11-30
824,user_0824,Japan,2022-01-20
825,user_0825,Japan,2023-10-09
826,user_0826,USA,2023-01-15
827,user_0827,Mexico,2023-03-09
828,user_0828,USA,2022-04-22
829,user_0829,Germany,2022-01-31
830,user_0830,France,2023-10-14
831,user_0831,India,2023-12-28
832,user_0832,Canada,2023-05-19
833,user_0833,India,2022-04-10
834,user_0834,Germany,2023-03-28
835,user_0835,Australia,2022-04-05
836,user_0836,Australia,2022-06-28
837,user_0837,India,2023-05-03
838,user_0838,Mexico,2022-05-22
839,user_0839,Brazil,2022-05-24
840,user_0840,India,2022-05-31
841,user_0841,Mexico,2022-05-23
842,user_0842,France,2022-01-25
843,user_0843,Canada,2022-03-21
844,user_0844,Japan,2023-04-24
845,user_0845,France,2023-09-10
846,user_0846,Japan,2022-02-22
847,user_0847,Mexico,2023-12-18
848,user_0848,France,2023-04-02
849,user_0849,Canada,2022-01-15
850,user_0850,Australia,2022-03-10
851,user_0851,France,2022-02-19
852,user_0852,UK,2022-08-15
853,user_0853,Canada,2023-03-20
854,user_0854,Mexico,2023-02-05
855,user_0855,Canada,2023-01-18
856,user_0856,Japan,2023-11-25
857,user_0857,Mexico,2023-04-14
858,user_0858,Mexico,2023-08-27
859,user_0859,India,2023-08-10
860,user_0860,Japan,2022-07-23
861,user_0861,USA,2022-09-12
862,user_0862,USA,2022-03-08
863,user_0863,Germany,2023-03-19
864,user_0864,Canada,2022-12-14
865,user_0865,USA,2022-01-30
866,user_0866,Germany,2023-06-18
867,user_0867,Germany,2023-01-05
868,user_0868,Japan,2022-06-28
869,user_0869,France,2022-12-02
870,user_0870,Japan,2022-04-01
871,user_0871,Brazil,2023-10-07
872,user_0872,Australia,2022-04-16
873,user_0873,Canada,2023-07-19
874,user_0874,Mexico,2022-06-22
875,user_0875,UK,2023-08-30
876,user_0876,Germany,2023-10-17
877,user_0877,Japan,2023-02-06
878,user_0878,Mexico,2022-02-12
879,user_0879,Japan,2023-01-03
880,user_0880,France,2023-07-03
881,user_0881,India,2023-03-28
882,user_0882,Australia,2022-05-31
883,user_0883,UK,2022-12-31
884,user_0884,France,2023-08-24
885,user_0885,UK,2022-07-27
886,user_0886,UK,2023-09-09
887,user_0887,Japan,2022-11-07
888,user_0888,India,2023-06-05
889,user_0889,France,2023-09-09
890,user_0890,France,2023-12-17
891,user_0891,Mexico,2022-12-09
892,user_0892,Japan,2022-03-15
893,user_0893,Brazil,2022-04-03
894,user_0894,Brazil,2023-10-14
895,user_0895,France,2023-05-25
896,user_0896,USA,2022-07-02
897,user_0897,USA,2023-05-18
898,user_0898,India,2023-05-25
899,user_0899,USA,2023-11-23
900,user_0900,Mexico,2023-12-23
901,user_0901,Japan,2022-09-23
902,user_0902,UK,2022-06-16
903,user_0903,Mexico,2023-07-01
904,user_0904,Mexico,2022-01-12
905,user_0905,India,2022-06-09
906,user_0906,Mexico,2023-03-07
907,user_0907,Australia,2022-04-03
908,user_0908,Australia,2023-07-30
909,user_0909,Mexico,2022-11-17
910,user_0910,Brazil,2022-04-19
911,user_0911,Germany,2022-06-26
912,user_0912,Australia,2022-02-02
913,user_0913,UK,2023-02-22
914,user_0914,India,2022-09-26
915,user_0915,Brazil,2022-06-21
916,user_0916,Germany,2023-01-29
917,user_0917,India,2023-11-08
918,user_0918,Australia,2022-02-28
919,user_0919,France,2022-08-26
920,user_0920,USA,2022-08-21
921,user_0921,Japan,2023-07-01
922,user_0922,Brazil,2023-11-26
923,user_0923,USA,2022-11-06
924,user_0924,USA,2023-01-12
925,user_0925,Mexico,2023-05-06
926,user_0926,UK,2022-01-23
927,user_0927,Mexico,2023-10-21
928,user_0928,UK,2023-11-11
929,user_0929,Mexico,2023-12-20
930,user_0930,Mexico,2022-01-08
931,user_0931,USA,2022-03-11
932,user_0932,India,2022-04-03
933,user_0933,Australia,2023-01-14
934,user_0934,USA,2024-01-01
935,user_0935,Japan,2023-11-15
936,user_0936,Canada,2022-06-02
937,user_0937,Australia,2022-02-08
938,user_0938,Mexico,2022-05-20
939,user_0939,Mexico,2022-06-07
940,user_0940,Mexico,2022-05-20
941,user_0941,UK,2023-06-20
942,user_0942,USA,2023-11-04
943,user_0943,France,2023-01-28
944,user_0944,Canada,2023-12-29
945,user_0945,Australia,2023-08-17
946,user_0946,USA,2022-02-14
947,user_0947,Japan,2022-11-07
948,user_0948,Japan,2022-12-10
949,user_0949,UK,2023-02-14
950,user_0950,Australia,2022-09-27
951,user_0951,France,2023-03-30
952,user_0952,Australia,2022-12-18
953,user_0953,UK,2022-07-25
954,user_0954,Germany,2023-12-24
955,user_0955,USA,2022-05-17
956,user_0956,Mexico,2023-05-25
957,user_0957,Mexico,2022-01-13
958,user_0958,India,2022-08-05
959,user_0959,Australia,2022-04-22
960,user_0960,Japan,2023-01-22
961,user_0961,USA,2022-11-28
962,user_0962,Mexico,2023-08-29
963,user_0963,Mexico,2023-07-24
964,user_0964,India,2022-07-27
965,user_0965,France,2023-04-12
966,user_0966,UK,2023-01-09
967,user_0967,France,2022-02-22
968,user_0968,Canada,2022-12-23
969,user_0969,Germany,2023-06-08
970,user_0970,UK,2023-08-12
971,user_0971,Australia,2022-11-19
972,user_0972,Mexico,2022-05-01
973,user_0973,Canada,2022-03-21
974,user_0974,USA,2022-06-07
975,user_0975,Japan,2022-01-30
976,user_0976,India,2023-03-27
977,user_0977,Mexico,2023-06-04
978,user_0978,Brazil,2022-11-27
979,user_0979,Australia,2023-07-11
980,user_0980,Germany,2022-05-30
981,user_0981,Brazil,2023-05-16
982,user_0982,Japan,2023-06-29
983,user_0983,Canada,2023-05-26
984,user_0984,Canada,2022-05-19
985,user_0985,Australia,2022-12-26
986,user_0986,France,2023-12-06
987,user_0987,Germany,2022-05-07
988,user_0988,USA,2022-09-20
989,user_0989,Canada,2022-12-30
990,user_0990,Brazil,2022-06-01
991,user_0991,Canada,2022-09-06
992,user_0992,Canada,2023-06-23
993,user_0993,Japan,2023-08-09
994,user_0994,France,2022-12-28
995,user_0995,UK,2022-05-15
996,user_0996,Mexico,2022-02-22
997,user_0997,India,2023-07-14
998,user_0998,UK,2022-04-11
999,user_0999,Japan,2022-08-19
1000,user_1000,Brazil,2023-09-06
