timestamp,cpu_usage,memory_usage,error_rate,events_per_second
2026-01-15 00:00:00,61.56,30.57,0.2816,1491
2026-01-15 01:00:00,21.63,66.04,0.1575,1295
2026-01-15 02:00:00,37.88,64.09,0.1985,1196
2026-01-15 03:00:00,34.51,56.85,0.1202,1334
2026-01-15 04:00:00,67.87,43.34,0.2522,1776
2026-01-15 05:00:00,63.99,62.05,0.2133,1721
2026-01-15 06:00:00,77.99,35.58,0.2741,1654
2026-01-15 07:00:00,25.65,51.74,0.0828,1276
2026-01-15 08:00:00,47.42,52.69,0.1802,1339
2026-01-15 09:00:00,21.94,77.69,0.1643,1040
2026-01-15 10:00:00,34.21,73.79,0.1292,1299
2026-01-15 11:00:00,52.85,43.17,0.237,1514
2026-01-15 12:00:00,21.72,55.03,0.1107,1037
2026-01-15 13:00:00,32.92,38.93,0.1411,1312
2026-01-15 14:00:00,62.24,75.63,0.2825,1529
2026-01-15 15:00:00,55.42,73.53,0.2658,1703
2026-01-15 16:00:00,34.33,44.92,0.1586,1270
2026-01-15 17:00:00,58.3,61.95,0.2467,1724
2026-01-15 18:00:00,72.61,60.45,0.2333,1578
2026-01-15 19:00:00,20.42,37.64,0.0909,1185
2026-01-15 20:00:00,72.38,68.13,0.314,1922
2026-01-15 21:00:00,65.38,56.97,0.2541,1739
2026-01-15 22:00:00,42.12,68.93,0.1806,1429
2026-01-15 23:00:00,30.11,56.52,0.1651,1418
2026-01-16 00:00:00,82.22,30.03,0.2524,2005
2026-01-16 01:00:00,41.88,46.21,0.1841,1297
2026-01-16 02:00:00,26.03,30.97,0.1284,1181
2026-01-16 03:00:00,26.29,76.45,0.1641,1145
2026-01-16 04:00:00,75.09,73.94,0.241,1640
2026-01-16 05:00:00,59.24,71.58,0.2738,1603
2026-01-16 06:00:00,72.46,45.38,0.2254,1536
2026-01-16 07:00:00,67.43,32.9,0.2209,1565
2026-01-16 08:00:00,54.85,73.9,0.2241,1725
2026-01-16 09:00:00,83.25,77.35,0.3173,1802
2026-01-16 10:00:00,44.6,34.28,0.1573,1646
2026-01-16 11:00:00,55.88,54.3,0.1796,1568
2026-01-16 12:00:00,73.91,33.46,0.3108,1881
2026-01-16 13:00:00,60.2,68.03,0.2052,1778
2026-01-16 14:00:00,76.01,68.29,0.2875,1687
2026-01-16 15:00:00,57.53,36.42,0.2345,1511
2026-01-16 16:00:00,65.8,53.76,0.2393,1538
2026-01-16 17:00:00,22.98,57.49,0.1273,1388
2026-01-16 18:00:00,34.81,43.25,0.1567,1203
2026-01-16 19:00:00,38.81,73.62,0.2099,1383
2026-01-16 20:00:00,25.19,51.16,0.096,1070
2026-01-16 21:00:00,35.13,40.59,0.177,1391
2026-01-16 22:00:00,26.57,56.96,0.1036,1178
2026-01-16 23:00:00,38.07,66.5,0.1538,1282
2026-01-17 00:00:00,61.32,40.06,0.2511,1648
2026-01-17 01:00:00,43.71,45.59,0.1611,1416
2026-01-17 02:00:00,44.06,79.76,0.1638,1396
2026-01-17 03:00:00,33.62,62.49,0.176,1252
2026-01-17 04:00:00,37.35,51.91,0.1193,1287
2026-01-17 05:00:00,80.88,55.88,0.2885,1620
2026-01-17 06:00:00,62.12,36.05,0.2862,1758
2026-01-17 07:00:00,59.59,41.23,0.2784,1493
2026-01-17 08:00:00,31.12,46.9,0.1007,1315
2026-01-17 09:00:00,67.39,59.42,0.2235,1641
2026-01-17 10:00:00,30.62,41.51,0.1184,1248
2026-01-17 11:00:00,44.66,41.01,0.2273,1281
2026-01-17 12:00:00,84.32,33.55,0.341,2038
2026-01-17 13:00:00,61.6,61.56,0.2727,1557
2026-01-17 14:00:00,56.2,41.45,0.2056,1541
2026-01-17 15:00:00,64.5,75.27,0.2093,1772
2026-01-17 16:00:00,74.79,72.98,0.3077,1807
2026-01-17 17:00:00,70.44,33.54,0.2817,1708
2026-01-17 18:00:00,34.89,41.9,0.1658,1495
2026-01-17 19:00:00,22.09,63.45,0.165,1294
2026-01-17 20:00:00,40.5,40.71,0.1869,1374
2026-01-17 21:00:00,37.4,36.62,0.113,1188
2026-01-17 22:00:00,33.71,76.78,0.1829,1196
2026-01-17 23:00:00,81.29,58.55,0.2738,1745
2026-01-18 00:00:00,76.96,53.63,0.2972,1660
2026-01-18 01:00:00,40.45,69.23,0.2153,1501
2026-01-18 02:00:00,62.6,70.37,0.2012,1561
2026-01-18 03:00:00,45.72,39.52,0.1487,1276
2026-01-18 04:00:00,79.45,34.85,0.249,1649
2026-01-18 05:00:00,49.83,51.55,0.2048,1603
2026-01-18 06:00:00,37.22,51.18,0.1389,1394
2026-01-18 07:00:00,36.03,53.35,0.1686,1336
2026-01-18 08:00:00,56.49,66.45,0.2412,1737
2026-01-18 09:00:00,37.08,63.67,0.1316,1330
2026-01-18 10:00:00,58.0,79.21,0.2374,1602
2026-01-18 11:00:00,78.36,34.92,0.2615,1893
2026-01-18 12:00:00,45.96,50.13,0.1867,1520
2026-01-18 13:00:00,34.26,46.97,0.1933,1201
2026-01-18 14:00:00,84.84,73.08,0.3391,1845
2026-01-18 15:00:00,53.12,42.43,0.1686,1626
2026-01-18 16:00:00,25.91,39.51,0.1201,1156
2026-01-18 17:00:00,23.06,52.43,0.0969,1160
2026-01-18 18:00:00,27.13,51.09,0.0817,1093
2026-01-18 19:00:00,60.78,43.93,0.2595,1769
2026-01-18 20:00:00,71.49,42.49,0.2782,1737
2026-01-18 21:00:00,47.44,76.16,0.1685,1274
2026-01-18 22:00:00,24.13,52.16,0.1465,1307
2026-01-18 23:00:00,44.81,73.07,0.1896,1523
2026-01-19 00:00:00,84.75,57.52,0.297,1998
2026-01-19 01:00:00,54.39,32.53,0.1641,1711
2026-01-19 02:00:00,83.12,79.96,0.2569,2010
2026-01-19 03:00:00,75.95,71.8,0.3162,1936
